{"Loss_Exp/eval_phase/val_stream/Task000/Exp000": 3.097551008675982, "_timestamp": 1708474597.0016644, "MLLoss_Exp/eval_phase/val_stream/Task000/Exp000": 2.937605012836022, "NSPLoss_Exp/eval_phase/val_stream/Task000/Exp000": 0.1599459961504561, "Perplexity_Exp/eval_phase/val_stream/Task000/Exp000": 19.62615942021335, "NSPAcc_Exp/eval_phase/val_stream/Task000/Exp000": 0.9346306677073725, "Loss_Stream/eval_phase/val_stream/Task000": 3.097551008675982, "MLLoss_Stream/eval_phase/val_stream/Task000": 2.937605012836022, "NSPLoss_Stream/eval_phase/val_stream/Task000": 0.1599459961504561, "Perplexity_Stream/eval_phase/val_stream/Task000": 19.62615942021335, "NSPAcc_Stream/eval_phase/val_stream/Task000": 0.9346306677073725, "_runtime": 38608.83796143532, "_step": 56374, "Loss_Epoch/train_phase/train_stream/Task000": 3.2115389924305076, "MLLoss_Epoch/train_phase/train_stream/Task000": 3.0591935848245924, "NSPLoss_Epoch/train_phase/train_stream/Task000": 0.15234540737481628, "Perplexity_Epoch/train_phase/train_stream/Task000": 22.133408995694083, "NSPAcc_Epoch/train_phase/train_stream/Task000": 0.937974663896385}